name,teryt,powiat_easting,powiat_northing,hexagon_easting,hexagon_northing
M.st. Warszawa,1465,639815.1941935503,486779.2006233417,607846.4800810287,545296.1269822202
M.st. Warszawa,1465,639815.1941935503,486779.2006233417,647498.2015287584,476617.3308271836
M.st. Warszawa,1465,639815.1941935503,486779.2006233417,647498.2015287584,499510.2628788623
M.st. Warszawa,1465,639815.1941935503,486779.2006233417,746627.5051480833,510956.72890470177
M.st. Warszawa,1465,639815.1941935503,486779.2006233417,627672.3408048935,510956.72890470177
M.st. Warszawa,1465,639815.1941935503,486779.2006233417,667324.0622526235,488063.7968530229
M.st. Warszawa,1465,639815.1941935503,486779.2006233417,627672.3408048935,533849.6609563808
M.st. Warszawa,1465,639815.1941935503,486779.2006233417,687149.9229764882,476617.3308271836
M.st. Warszawa,1465,639815.1941935503,486779.2006233417,607846.4800810287,522403.19493054127
M.st. Warszawa,1465,639815.1941935503,486779.2006233417,647498.2015287584,522403.19493054127
M.st. Warszawa,1465,639815.1941935503,486779.2006233417,627672.3408048935,556742.5930080597
M.st. Warszawa,1465,639815.1941935503,486779.2006233417,667324.0622526235,510956.72890470177
M.st. Warszawa,1465,639815.1941935503,486779.2006233417,706975.7837003535,488063.7968530229
M.st. Warszawa,1465,639815.1941935503,486779.2006233417,687149.9229764882,499510.2628788623
M.st. Warszawa,1465,639815.1941935503,486779.2006233417,627672.3408048935,579635.5250597384
M.st. Warszawa,1465,639815.1941935503,486779.2006233417,726801.6444242181,499510.2628788623
M.st. Warszawa,1465,639815.1941935503,486779.2006233417,647498.2015287584,545296.1269822202
M.st. Warszawa,1465,639815.1941935503,486779.2006233417,706975.7837003535,510956.72890470177
M.st. Warszawa,1465,639815.1941935503,486779.2006233417,667324.0622526235,533849.6609563808
M.st. Warszawa,1465,639815.1941935503,486779.2006233417,746627.5051480833,533849.6609563808
M.st. Warszawa,1465,639815.1941935503,486779.2006233417,647498.2015287584,568189.0590338991
M.st. Warszawa,1465,639815.1941935503,486779.2006233417,687149.9229764882,613974.9231372569
M.st. Warszawa,1465,639815.1941935503,486779.2006233417,687149.9229764882,522403.19493054127
M.st. Warszawa,1465,639815.1941935503,486779.2006233417,667324.0622526235,602528.4571114173
M.st. Warszawa,1465,639815.1941935503,486779.2006233417,726801.6444242181,522403.19493054127
M.st. Warszawa,1465,639815.1941935503,486779.2006233417,667324.0622526235,556742.5930080597
M.st. Warszawa,1465,639815.1941935503,486779.2006233417,706975.7837003535,533849.6609563808
M.st. Warszawa,1465,639815.1941935503,486779.2006233417,607846.4800810287,568189.0590338991
M.st. Warszawa,1465,639815.1941935503,486779.2006233417,647498.2015287584,591081.991085578
M.st. Warszawa,1465,639815.1941935503,486779.2006233417,726801.6444242181,568189.0590338991
M.st. Warszawa,1465,639815.1941935503,486779.2006233417,687149.9229764882,545296.1269822202
M.st. Warszawa,1465,639815.1941935503,486779.2006233417,687149.9229764882,568189.0590338991
M.st. Warszawa,1465,639815.1941935503,486779.2006233417,726801.6444242181,545296.1269822202
M.st. Warszawa,1465,639815.1941935503,486779.2006233417,706975.7837003535,556742.5930080597
M.st. Warszawa,1465,639815.1941935503,486779.2006233417,687149.9229764882,591081.991085578
M.st. Warszawa,1465,639815.1941935503,486779.2006233417,706975.7837003535,579635.5250597384
M.st. Warszawa,1465,639815.1941935503,486779.2006233417,667324.0622526235,579635.5250597384
Kraków,1261,570493.5021026896,243344.5228566132,607846.4800810287,293473.87441375235
Kraków,1261,570493.5021026896,243344.5228566132,588020.6193571637,236241.544284555
Kraków,1261,570493.5021026896,243344.5228566132,627672.3408048935,304920.34043959173
Kraków,1261,570493.5021026896,243344.5228566132,588020.6193571637,259134.4763362339
Kraków,1261,570493.5021026896,243344.5228566132,607846.4800810287,270580.94236207334
Kraków,1261,570493.5021026896,243344.5228566132,588020.6193571637,213348.61223287607
Kraków,1261,570493.5021026896,243344.5228566132,607846.4800810287,224795.0782587156
Kraków,1261,570493.5021026896,243344.5228566132,627672.3408048935,282027.4083879128
Kraków,1261,570493.5021026896,243344.5228566132,607846.4800810287,247688.0103103945
Kraków,1261,570493.5021026896,243344.5228566132,627672.3408048935,259134.4763362339
Kraków,1261,570493.5021026896,243344.5228566132,647498.2015287584,270580.94236207334
Kraków,1261,570493.5021026896,243344.5228566132,647498.2015287584,247688.0103103945
Kraków,1261,570493.5021026896,243344.5228566132,647498.2015287584,224795.0782587156
Kraków,1261,570493.5021026896,243344.5228566132,627672.3408048935,213348.61223287607
Kraków,1261,570493.5021026896,243344.5228566132,627672.3408048935,236241.544284555
Kraków,1261,570493.5021026896,243344.5228566132,647498.2015287584,293473.87441375235
Wrocław,264,359822.2509371609,364234.19717515487,350110.2906707844,396492.0686463073
Wrocław,264,359822.2509371609,364234.19717515487,290632.7084991896,407938.5346721467
Wrocław,264,359822.2509371609,364234.19717515487,330284.4299469194,407938.5346721467
Wrocław,264,359822.2509371609,364234.19717515487,350110.2906707844,419385.0006979862
Wrocław,264,359822.2509371609,364234.19717515487,270806.8477753248,396492.06864630734
Wrocław,264,359822.2509371609,364234.19717515487,310458.5692230545,396492.0686463073
Wrocław,264,359822.2509371609,364234.19717515487,310458.5692230545,419385.0006979862
Wrocław,264,359822.2509371609,364234.19717515487,330284.4299469194,453724.3987755046
Wrocław,264,359822.2509371609,364234.19717515487,290632.7084991896,430831.4667238256
Wrocław,264,359822.2509371609,364234.19717515487,350110.2906707844,442277.932749665
Wrocław,264,359822.2509371609,364234.19717515487,330284.4299469194,430831.4667238256
Wrocław,264,359822.2509371609,364234.19717515487,310458.5692230545,442277.932749665
Wrocław,264,359822.2509371609,364234.19717515487,369936.15139464935,430831.4667238256
Łódź,1061,533131.8536471138,433453.56372061,548368.8979094337,465170.86480134405
Łódź,1061,533131.8536471138,433453.56372061,508717.1764617039,465170.86480134405
Łódź,1061,533131.8536471138,433453.56372061,548368.8979094337,510956.72890470177
Łódź,1061,533131.8536471138,433453.56372061,528543.0371855691,476617.3308271836
Łódź,1061,533131.8536471138,433453.56372061,528543.0371855691,499510.2628788624
Łódź,1061,533131.8536471138,433453.56372061,488891.315737839,476617.3308271836
Łódź,1061,533131.8536471138,433453.56372061,469065.455013974,488063.7968530229
Łódź,1061,533131.8536471138,433453.56372061,508717.1764617039,488063.7968530229
Łódź,1061,533131.8536471138,433453.56372061,488891.315737839,499510.2628788623
Łódź,1061,533131.8536471138,433453.56372061,508717.1764617039,510956.72890470177
Łódź,1061,533131.8536471138,433453.56372061,548368.8979094337,442277.932749665
Łódź,1061,533131.8536471138,433453.56372061,548368.8979094337,488063.7968530229
Łódź,1061,533131.8536471138,433453.56372061,528543.0371855691,453724.3987755047
Poznań,3064,358768.12543209444,506529.93472796807,290632.7084991896,545296.1269822201
Poznań,3064,358768.12543209444,506529.93472796807,270806.8477753248,533849.6609563808
Poznań,3064,358768.12543209444,506529.93472796807,330284.4299469194,591081.991085578
Poznań,3064,358768.12543209444,506529.93472796807,290632.7084991896,568189.0590338991
Poznań,3064,358768.12543209444,506529.93472796807,270806.8477753248,556742.5930080597
Poznań,3064,358768.12543209444,506529.93472796807,350110.2906707844,602528.4571114173
Poznań,3064,358768.12543209444,506529.93472796807,290632.7084991896,591081.991085578
Poznań,3064,358768.12543209444,506529.93472796807,310458.5692230545,602528.4571114173
Poznań,3064,358768.12543209444,506529.93472796807,310458.5692230545,579635.5250597384
Poznań,3064,358768.12543209444,506529.93472796807,310458.5692230545,556742.5930080597
Poznań,3064,358768.12543209444,506529.93472796807,330284.4299469194,568189.0590338991
Gdańsk,2261,485347.51736464544,728107.6688963313,488891.315737839,728439.5833956513
Gdańsk,2261,485347.51736464544,728107.6688963313,469065.455013974,716993.117369812
Gdańsk,2261,485347.51736464544,728107.6688963313,469065.455013974,739886.0494214908
Gdańsk,2261,485347.51736464544,728107.6688963313,528543.0371855691,705546.6513439725
Gdańsk,2261,485347.51736464544,728107.6688963313,488891.315737839,751332.5154473301
Gdańsk,2261,485347.51736464544,728107.6688963313,508717.1764617039,716993.117369812
Gdańsk,2261,485347.51736464544,728107.6688963313,508717.1764617039,739886.0494214908
Gdańsk,2261,485347.51736464544,728107.6688963313,548368.8979094337,716993.1173698117
Gdańsk,2261,485347.51736464544,728107.6688963313,548368.8979094337,739886.0494214908
Gdańsk,2261,485347.51736464544,728107.6688963313,528543.0371855691,728439.5833956514
poznański,3021,360114.5515544532,504966.5098316756,290632.7084991896,522403.1949305413
poznański,3021,360114.5515544532,504966.5098316756,350110.2906707844,510956.72890470177
poznański,3021,360114.5515544532,504966.5098316756,310458.5692230545,533849.6609563807
poznański,3021,360114.5515544532,504966.5098316756,369936.15139464935,545296.1269822201
poznański,3021,360114.5515544532,504966.5098316756,330284.4299469194,545296.1269822201
poznański,3021,360114.5515544532,504966.5098316756,350110.2906707844,556742.5930080597
poznański,3021,360114.5515544532,504966.5098316756,350110.2906707844,533849.6609563807
poznański,3021,360114.5515544532,504966.5098316756,350110.2906707844,579635.5250597384
poznański,3021,360114.5515544532,504966.5098316756,330284.4299469194,522403.1949305413
Szczecin,3262,208782.0222235405,627484.4791318111,211329.26560372987,636867.8551889359
Szczecin,3262,208782.0222235405,627484.4791318111,250980.98705145976,636867.8551889359
Szczecin,3262,208782.0222235405,627484.4791318111,191503.4048798649,648314.3212147753
Szczecin,3262,208782.0222235405,627484.4791318111,231155.1263275948,648314.3212147753
Szczecin,3262,208782.0222235405,627484.4791318111,211329.26560372987,659760.7872406148
Szczecin,3262,208782.0222235405,627484.4791318111,250980.98705145976,659760.7872406146
Szczecin,3262,208782.0222235405,627484.4791318111,231155.1263275948,671207.2532664542
Szczecin,3262,208782.0222235405,627484.4791318111,211329.26560372987,682653.7192922937
Bydgoszcz,461,436631.77498953725,585527.6754635335,429413.7335662441,625421.3891630962
Bydgoszcz,461,436631.77498953725,585527.6754635335,409587.8728423792,613974.9231372568
Bydgoszcz,461,436631.77498953725,585527.6754635335,389762.0121185142,625421.3891630962
Bydgoszcz,461,436631.77498953725,585527.6754635335,429413.7335662441,648314.3212147752
Bydgoszcz,461,436631.77498953725,585527.6754635335,449239.59429010906,613974.9231372568
Bydgoszcz,461,436631.77498953725,585527.6754635335,409587.8728423792,636867.8551889358
Bydgoszcz,461,436631.77498953725,585527.6754635335,449239.59429010906,636867.8551889358
Lublin,663,748243.2973831322,379235.0321134253,806105.087319678,407938.53467214666
Lublin,663,748243.2973831322,379235.0321134253,806105.087319678,430831.46672382567
Lublin,663,748243.2973831322,379235.0321134253,786279.2265958131,419385.00069798616
Lublin,663,748243.2973831322,379235.0321134253,766453.3658719482,430831.46672382567
Lublin,663,748243.2973831322,379235.0321134253,806105.087319678,453724.3987755046
Lublin,663,748243.2973831322,379235.0321134253,786279.2265958131,442277.932749665
Lublin,663,748243.2973831322,379235.0321134253,766453.3658719482,407938.53467214666
krakowski,1206,561571.825095079,251545.471553328,588020.6193571637,282027.4083879128
krakowski,1206,561571.825095079,251545.471553328,568194.7586332987,270580.94236207334
krakowski,1206,561571.825095079,251545.471553328,588020.6193571637,304920.34043959173
krakowski,1206,561571.825095079,251545.471553328,568194.7586332987,293473.87441375235
krakowski,1206,561571.825095079,251545.471553328,568194.7586332987,316366.8064654312
krakowski,1206,561571.825095079,251545.471553328,607846.4800810287,316366.8064654312
Katowice,2469,501650.1462661501,261200.78757565568,488891.315737839,270580.94236207334
Katowice,2469,501650.1462661501,261200.78757565568,508717.1764617039,304920.34043959173
Katowice,2469,501650.1462661501,261200.78757565568,488891.315737839,316366.80646543123
Katowice,2469,501650.1462661501,261200.78757565568,469065.455013974,282027.40838791284
Katowice,2469,501650.1462661501,261200.78757565568,488891.315737839,293473.8744137523
Katowice,2469,501650.1462661501,261200.78757565568,508717.1764617039,282027.40838791284
Białystok,2061,778095.5056175085,593292.0312975277,786279.2265958131,671207.253266454
Białystok,2061,778095.5056175085,593292.0312975277,806105.087319678,636867.8551889356
Białystok,2061,778095.5056175085,593292.0312975277,806105.087319678,659760.7872406146
Białystok,2061,778095.5056175085,593292.0312975277,786279.2265958131,625421.3891630962
Białystok,2061,778095.5056175085,593292.0312975277,766453.3658719482,636867.8551889356
Białystok,2061,778095.5056175085,593292.0312975277,786279.2265958131,648314.3212147752
wołomiński,1434,661078.8377894952,506879.0783790575,746627.5051480833,579635.5250597384
wołomiński,1434,661078.8377894952,506879.0783790575,706975.7837003535,602528.4571114173
wołomiński,1434,661078.8377894952,506879.0783790575,726801.6444242181,613974.9231372569
wołomiński,1434,661078.8377894952,506879.0783790575,746627.5051480833,556742.5930080597
wołomiński,1434,661078.8377894952,506879.0783790575,726801.6444242181,591081.991085578
Gdynia,2262,475236.8554859937,740602.6067343109,449239.59429010906,751332.5154473301
Gdynia,2262,475236.8554859937,740602.6067343109,449239.59429010906,774225.4474990093
Gdynia,2262,475236.8554859937,740602.6067343109,429413.7335662441,739886.0494214908
Gdynia,2262,475236.8554859937,740602.6067343109,449239.59429010906,728439.5833956513
Gdynia,2262,475236.8554859937,740602.6067343109,469065.455013974,762778.9814731696
wejherowski,2215,439309.2128090007,748200.1785135571,409587.8728423792,751332.5154473301
wejherowski,2215,439309.2128090007,748200.1785135571,409587.8728423792,774225.4474990093
wejherowski,2215,439309.2128090007,748200.1785135571,409587.8728423792,728439.5833956513
wejherowski,2215,439309.2128090007,748200.1785135571,389762.0121185142,762778.9814731696
wejherowski,2215,439309.2128090007,748200.1785135571,389762.0121185142,739886.0494214908
pruszkowski,1421,623602.4666568252,474665.9435560213,607846.4800810287,499510.2628788623
pruszkowski,1421,623602.4666568252,474665.9435560213,607846.4800810287,453724.3987755046
pruszkowski,1421,623602.4666568252,474665.9435560213,607846.4800810287,476617.3308271836
pruszkowski,1421,623602.4666568252,474665.9435560213,627672.3408048935,488063.7968530229
piaseczyński,1418,638540.2480150065,462487.5729187946,687149.9229764882,453724.3987755046
piaseczyński,1418,638540.2480150065,462487.5729187946,667324.0622526235,465170.86480134405
piaseczyński,1418,638540.2480150065,462487.5729187946,627672.3408048935,465170.86480134405
piaseczyński,1418,638540.2480150065,462487.5729187946,647498.2015287584,453724.3987755046
wrocławski,223,357922.2994916283,352363.8941282848,330284.4299469194,385045.60262046783
wrocławski,223,357922.2994916283,352363.8941282848,310458.5692230545,350706.2045429495
wrocławski,223,357922.2994916283,352363.8941282848,290632.7084991896,385045.60262046783
wrocławski,223,357922.2994916283,352363.8941282848,310458.5692230545,373599.1365946284
Sosnowiec,2475,513739.13642718655,267684.9990014213,528543.0371855691,339259.7385171101
Sosnowiec,2475,513739.13642718655,267684.9990014213,508717.1764617039,327813.2724912706
Sosnowiec,2475,513739.13642718655,267684.9990014213,528543.0371855691,316366.8064654313
Sosnowiec,2475,513739.13642718655,267684.9990014213,528543.0371855691,293473.8744137524
Radom,1463,649946.5166805745,395495.2566389294,687149.9229764882,430831.46672382567
Radom,1463,649946.5166805745,395495.2566389294,667324.0622526235,419385.00069798616
Radom,1463,649946.5166805745,395495.2566389294,667324.0622526235,396492.0686463073
Radom,1463,649946.5166805745,395495.2566389294,687149.9229764882,407938.53467214666
Rzeszów,1863,714406.3430810466,243849.70416953348,766453.3658719482,293473.87441375235
Rzeszów,1863,714406.3430810466,243849.70416953348,746627.5051480833,282027.4083879128
Rzeszów,1863,714406.3430810466,243849.70416953348,766453.3658719482,247688.0103103945
Rzeszów,1863,714406.3430810466,243849.70416953348,766453.3658719482,270580.94236207334
tarnowski,1216,641122.4660195598,232975.0427787201,706975.7837003535,259134.4763362339
tarnowski,1216,641122.4660195598,232975.0427787201,726801.6444242181,247688.0103103945
tarnowski,1216,641122.4660195598,232975.0427787201,726801.6444242181,224795.0782587156
tarnowski,1216,641122.4660195598,232975.0427787201,706975.7837003535,236241.544284555
Toruń,463,474444.4358418673,572923.169685005,488891.315737839,613974.9231372568
Toruń,463,474444.4358418673,572923.169685005,469065.455013974,602528.4571114173
Toruń,463,474444.4358418673,572923.169685005,488891.315737839,636867.8551889358
Toruń,463,474444.4358418673,572923.169685005,469065.455013974,625421.3891630962
kielecki,2604,620210.4631272621,330825.90562964603,687149.9229764882,339259.73851711006
kielecki,2604,620210.4631272621,330825.90562964603,647498.2015287584,339259.73851711006
kielecki,2604,620210.4631272621,330825.90562964603,667324.0622526235,350706.2045429495
kielecki,2604,620210.4631272621,330825.90562964603,667324.0622526235,327813.2724912707
Kielce,2661,613198.9441262749,333906.5050633095,647498.2015287584,362152.6705687889
Kielce,2661,613198.9441262749,333906.5050633095,627672.3408048935,373599.1365946284
Kielce,2661,613198.9441262749,333906.5050633095,647498.2015287584,385045.60262046783
Kielce,2661,613198.9441262749,333906.5050633095,627672.3408048935,350706.2045429495
cieszyński,2403,485795.2589850166,207994.55313344343,508717.1764617039,190455.6801811972
cieszyński,2403,485795.2589850166,207994.55313344343,508717.1764617039,167562.74812951832
cieszyński,2403,485795.2589850166,207994.55313344343,488891.315737839,179009.2141553578
cieszyński,2403,485795.2589850166,207994.55313344343,488891.315737839,201902.14620703668
nowotarski,1211,573876.5832129848,179716.02453429555,647498.2015287584,179009.2141553578
nowotarski,1211,573876.5832129848,179716.02453429555,607846.4800810287,179009.2141553578
nowotarski,1211,573876.5832129848,179716.02453429555,647498.2015287584,156116.2821036789
nowotarski,1211,573876.5832129848,179716.02453429555,627672.3408048935,167562.74812951835
nowosądecki,1210,627892.6291737529,188861.48190767955,726801.6444242181,179009.2141553578
nowosądecki,1210,627892.6291737529,188861.48190767955,706975.7837003535,190455.6801811972
nowosądecki,1210,627892.6291737529,188861.48190767955,726801.6444242181,156116.2821036789
nowosądecki,1210,627892.6291737529,188861.48190767955,706975.7837003535,167562.74812951835
Częstochowa,2464,508331.0018599306,326485.04723181983,508717.1764617039,396492.0686463073
Częstochowa,2464,508331.0018599306,326485.04723181983,508717.1764617039,419385.0006979862
Częstochowa,2464,508331.0018599306,326485.04723181983,488891.315737839,407938.5346721467
Częstochowa,2464,508331.0018599306,326485.04723181983,488891.315737839,385045.60262046783
otwocki,1417,662017.3714440383,467410.48204040114,746627.5051480833,488063.7968530229
otwocki,1417,662017.3714440383,467410.48204040114,706975.7837003535,465170.86480134405
otwocki,1417,662017.3714440383,467410.48204040114,726801.6444242181,476617.3308271836
legionowski,1408,633154.2788276833,510956.09200018726,627672.3408048935,602528.4571114173
legionowski,1408,633154.2788276833,510956.09200018726,647498.2015287584,613974.9231372569
legionowski,1408,633154.2788276833,510956.09200018726,667324.0622526235,625421.3891630962
warszawski zachodni,1432,613090.3598869581,489996.8713615092,588020.6193571637,533849.6609563808
warszawski zachodni,1432,613090.3598869581,489996.8713615092,588020.6193571637,556742.5930080597
warszawski zachodni,1432,613090.3598869581,489996.8713615092,588020.6193571637,579635.5250597384
miński,1412,681836.0429327206,482914.48661194375,766453.3658719482,568189.0590338991
miński,1412,681836.0429327206,482914.48661194375,766453.3658719482,545296.1269822202
miński,1412,681836.0429327206,482914.48661194375,766453.3658719482,522403.19493054127
będziński,2401,511157.7720038901,282234.58122090524,508717.1764617039,350706.2045429495
będziński,2401,511157.7720038901,282234.58122090524,528543.0371855691,362152.670568789
będziński,2401,511157.7720038901,282234.58122090524,508717.1764617039,373599.1365946284
Bytom,2462,491297.7146504251,277391.6140918319,469065.455013974,350706.2045429495
Bytom,2462,491297.7146504251,277391.6140918319,449239.59429010906,362152.670568789
Bytom,2462,491297.7146504251,277391.6140918319,429413.7335662441,350706.2045429495
tarnogórski,2413,487524.7965222525,290834.62016747624,469065.455013974,396492.0686463073
tarnogórski,2413,487524.7965222525,290834.62016747624,429413.7335662441,373599.1365946284
tarnogórski,2413,487524.7965222525,290834.62016747624,449239.59429010906,385045.60262046783
Ruda Śląska,2472,490673.6981757548,266575.2739750642,449239.59429010906,316366.80646543123
Ruda Śląska,2472,490673.6981757548,266575.2739750642,449239.59429010906,293473.8744137523
Ruda Śląska,2472,490673.6981757548,266575.2739750642,469065.455013974,304920.34043959173
Zabrze,2478,484827.6148516658,272074.1768543281,429413.7335662441,327813.2724912706
Zabrze,2478,484827.6148516658,272074.1768543281,429413.7335662441,304920.34043959173
Zabrze,2478,484827.6148516658,272074.1768543281,409587.8728423792,339259.7385171101
Gliwice,2466,475336.9508394569,270284.84173360426,389762.0121185142,304920.34043959173
Gliwice,2466,475336.9508394569,270284.84173360426,409587.8728423792,293473.8744137523
Gliwice,2466,475336.9508394569,270284.84173360426,409587.8728423792,316366.80646543123
Rybnik,2473,467417.4970753527,248801.6616798133,389762.0121185142,282027.40838791284
Rybnik,2473,467417.4970753527,248801.6616798133,409587.8728423792,247688.0103103945
Rybnik,2473,467417.4970753527,248801.6616798133,389762.0121185142,259134.4763362339
wodzisławski,2415,458997.2242265181,236791.9519895356,350110.2906707844,259134.4763362339
wodzisławski,2415,458997.2242265181,236791.9519895356,330284.4299469194,247688.0103103945
wodzisławski,2415,458997.2242265181,236791.9519895356,369936.15139464935,270580.94236207334
bielski,2402,503485.308668818,218583.10440986376,508717.1764617039,236241.544284555
bielski,2402,503485.308668818,218583.10440986376,488891.315737839,224795.0782587156
bielski,2402,503485.308668818,218583.10440986376,508717.1764617039,213348.6122328761
Bielsko-Biała,2461,502796.13779844274,216180.2651717217,548368.8979094337,190455.6801811972
Bielsko-Biała,2461,502796.13779844274,216180.2651717217,528543.0371855691,201902.14620703668
Bielsko-Biała,2461,502796.13779844274,216180.2651717217,528543.0371855691,179009.2141553578
żywiecki,2417,513964.83278700575,193418.7115166353,568194.7586332987,156116.2821036789
żywiecki,2417,513964.83278700575,193418.7115166353,548368.8979094337,144669.81607783944
żywiecki,2417,513964.83278700575,193418.7115166353,548368.8979094337,167562.74812951835
oświęcimski,1213,519926.75255199295,234931.2241879952,528543.0371855691,224795.07825871563
oświęcimski,1213,519926.75255199295,234931.2241879952,528543.0371855691,247688.0103103945
oświęcimski,1213,519926.75255199295,234931.2241879952,548368.8979094337,236241.544284555
wadowicki,1218,537905.5135078407,224036.96194875764,548368.8979094337,213348.61223287607
wadowicki,1218,537905.5135078407,224036.96194875764,568194.7586332987,201902.14620703665
wadowicki,1218,537905.5135078407,224036.96194875764,568194.7586332987,224795.0782587156
myślenicki,1209,570071.9285686453,215854.2223094607,588020.6193571637,190455.6801811972
myślenicki,1209,570071.9285686453,215854.2223094607,607846.4800810287,201902.14620703665
myślenicki,1209,570071.9285686453,215854.2223094607,627672.3408048935,190455.6801811972
wielicki,1219,585576.0190884033,235304.277442382,667324.0622526235,259134.4763362339
wielicki,1219,585576.0190884033,235304.277442382,647498.2015287584,201902.14620703665
wielicki,1219,585576.0190884033,235304.277442382,667324.0622526235,236241.544284555
limanowski,1207,592705.7943091568,202050.8099644537,667324.0622526235,167562.74812951835
limanowski,1207,592705.7943091568,202050.8099644537,667324.0622526235,190455.6801811972
limanowski,1207,592705.7943091568,202050.8099644537,687149.9229764882,201902.14620703665
częstochowski,2404,525212.8364368102,326790.22243401443,568194.7586332987,385045.60262046783
częstochowski,2404,525212.8364368102,326790.22243401443,528543.0371855691,407938.5346721468
częstochowski,2404,525212.8364368102,326790.22243401443,548368.8979094337,396492.0686463073
lubelski,609,744305.4713335483,369260.6915320442,806105.087319678,362152.6705687889
lubelski,609,744305.4713335483,369260.6915320442,786279.2265958131,396492.0686463073
lubelski,609,744305.4713335483,369260.6915320442,806105.087319678,385045.60262046783
białostocki,2002,783549.1590005382,589938.2011064464,806105.087319678,613974.9231372569
białostocki,2002,783549.1590005382,589938.2011064464,825930.9480435428,625421.3891630962
białostocki,2002,783549.1590005382,589938.2011064464,786279.2265958131,602528.4571114173
radomski,1425,652597.1967563642,391905.8916879077,726801.6444242181,407938.53467214666
radomski,1425,652597.1967563642,391905.8916879077,706975.7837003535,419385.00069798616
radomski,1425,652597.1967563642,391905.8916879077,706975.7837003535,396492.0686463073
gdański,2204,473892.6333927756,706570.0359507571,508717.1764617039,694100.1853181331
gdański,2204,473892.6333927756,706570.0359507571,488891.315737839,705546.6513439723
gdański,2204,473892.6333927756,706570.0359507571,469065.455013974,694100.1853181331
rzeszowski,1816,718913.2532576887,246096.42434115737,786279.2265958131,259134.4763362339
rzeszowski,1816,718913.2532576887,246096.42434115737,766453.3658719482,316366.8064654312
rzeszowski,1816,718913.2532576887,246096.42434115737,786279.2265958131,282027.4083879128
zgierski,1020,529293.6616766275,451059.8890984606,528543.0371855691,522403.1949305414
zgierski,1020,529293.6616766275,451059.8890984606,508717.1764617039,533849.6609563807
zgierski,1020,529293.6616766275,451059.8890984606,488891.315737839,522403.1949305413
kartuski,2205,439952.4001982561,716885.2992056214,429413.7335662441,694100.1853181331
kartuski,2205,439952.4001982561,716885.2992056214,409587.8728423792,705546.6513439723
kartuski,2205,439952.4001982561,716885.2992056214,429413.7335662441,716993.117369812
dębicki,1803,668501.7660314345,240907.46871555745,746627.5051480833,236241.544284555
dębicki,1803,668501.7660314345,240907.46871555745,746627.5051480833,259134.4763362339
dębicki,1803,668501.7660314345,240907.46871555745,726801.6444242181,270580.94236207334
mielecki,1811,670231.444152425,272129.2642348958,706975.7837003535,327813.2724912707
mielecki,1811,670231.444152425,272129.2642348958,726801.6444242181,316366.8064654312
mielecki,1811,670231.444152425,272129.2642348958,726801.6444242181,293473.87441375235
świdnicki,219,319907.42139118706,339440.81487466075,270806.8477753248,350706.2045429496
świdnicki,219,319907.42139118706,339440.81487466075,250980.98705145976,385045.60262046783
świdnicki,219,319907.42139118706,339440.81487466075,270806.8477753248,373599.1365946285
Opole,1661,423563.1692994476,313042.8525515738,389762.0121185142,350706.2045429495
Opole,1661,423563.1692994476,313042.8525515738,369936.15139464935,339259.7385171101
Opole,1661,423563.1692994476,313042.8525515738,369936.15139464935,362152.670568789
nyski,1607,382748.291051697,291233.71313808433,310458.5692230545,304920.34043959173
nyski,1607,382748.291051697,291233.71313808433,310458.5692230545,327813.2724912706
nyski,1607,382748.291051697,291233.71313808433,330284.4299469194,316366.80646543123
ostrowski,3017,417128.0654018234,417191.6531004407,409587.8728423792,499510.2628788623
ostrowski,3017,417128.0654018234,417191.6531004407,389762.0121185142,465170.86480134405
ostrowski,3017,417128.0654018234,417191.6531004407,409587.8728423792,476617.3308271836
Zielona Góra,862,261627.28261571343,456763.3687570086,191503.4048798649,533849.6609563808
Zielona Góra,862,261627.28261571343,456763.3687570086,211329.26560372987,545296.1269822202
Zielona Góra,862,261627.28261571343,456763.3687570086,211329.26560372987,522403.1949305413
Olsztyn,2862,597103.3514293829,658455.81110847,647498.2015287584,705546.6513439723
Olsztyn,2862,597103.3514293829,658455.81110847,647498.2015287584,682653.7192922935
Olsztyn,2862,597103.3514293829,658455.81110847,627672.3408048935,694100.1853181331
olsztyński,2814,602299.353969315,661420.7731607527,667324.0622526235,694100.1853181331
olsztyński,2814,602299.353969315,661420.7731607527,667324.0622526235,716993.1173698117
olsztyński,2814,602299.353969315,661420.7731607527,687149.9229764882,705546.6513439723
kłodzki,208,330391.9116154455,281113.8561980648,290632.7084991896,316366.80646543123
kłodzki,208,330391.9116154455,281113.8561980648,310458.5692230545,282027.40838791284
kłodzki,208,330391.9116154455,281113.8561980648,290632.7084991896,293473.8744137523
koniński,3010,449786.43850140617,490670.5275711319,409587.8728423792,545296.1269822201
koniński,3010,449786.43850140617,490670.5275711319,449239.59429010906,545296.1269822201
koniński,3010,449786.43850140617,490670.5275711319,429413.7335662441,556742.5930080597
pilski,3019,363442.343726991,590557.4614451436,330284.4299469194,659760.7872406148
pilski,3019,363442.343726991,590557.4614451436,330284.4299469194,636867.8551889358
pilski,3019,363442.343726991,590557.4614451436,350110.2906707844,648314.3212147752
gnieźnieński,3003,404928.186446116,520088.8907318626,369936.15139464935,591081.991085578
gnieźnieński,3003,404928.186446116,520088.8907318626,389762.0121185142,579635.5250597384
gnieźnieński,3003,404928.186446116,520088.8907318626,369936.15139464935,568189.0590338991
inowrocławski,407,452771.1140897129,547853.4864530816,429413.7335662441,579635.5250597384
inowrocławski,407,452771.1140897129,547853.4864530816,429413.7335662441,602528.4571114173
inowrocławski,407,452771.1140897129,547853.4864530816,449239.59429010906,568189.0590338991
suski,1215,546720.9224522194,202848.18149250004,588020.6193571637,167562.74812951835
suski,1215,546720.9224522194,202848.18149250004,568194.7586332987,179009.2141553578
Jastrzębie-Zdrój,2467,472307.0159336256,232044.781546292,449239.59429010906,224795.0782587156
Jastrzębie-Zdrój,2467,472307.0159336256,232044.781546292,429413.7335662441,236241.544284555
pszczyński,2410,491711.3476620091,236000.86726081552,469065.455013974,213348.6122328761
pszczyński,2410,491711.3476620091,236000.86726081552,469065.455013974,236241.544284555
Tychy,2477,500188.18719223794,250649.5316958078,469065.455013974,259134.4763362339
Tychy,2477,500188.18719223794,250649.5316958078,488891.315737839,247688.0103103945
mikołowski,2408,487961.9509996733,252943.83702827583,449239.59429010906,270580.94236207334
mikołowski,2408,487961.9509996733,252943.83702827583,449239.59429010906,247688.0103103945
rybnicki,2412,468146.1406249968,249880.8607579308,409587.8728423792,270580.94236207334
rybnicki,2412,468146.1406249968,249880.8607579308,429413.7335662441,282027.40838791284
chrzanowski,1203,531646.3242137354,249718.5888019795,548368.8979094337,259134.4763362339
chrzanowski,1203,531646.3242137354,249718.5888019795,568194.7586332987,247688.0103103945
Jaworzno,2468,520771.6529830852,259720.07767202656,548368.8979094337,282027.4083879128
Jaworzno,2468,520771.6529830852,259720.07767202656,548368.8979094337,304920.34043959173
Chorzów,2463,497227.0173906036,269737.30334364413,469065.455013974,327813.2724912706
Chorzów,2463,497227.0173906036,269737.30334364413,488891.315737839,339259.7385171101
Dąbrowa Górnicza,2465,521309.1014332798,276394.3562164911,548368.8979094337,373599.1365946284
Dąbrowa Górnicza,2465,521309.1014332798,276394.3562164911,548368.8979094337,350706.2045429495
gliwicki,2405,467245.8644646029,276879.108224596,389762.0121185142,327813.2724912706
gliwicki,2405,467245.8644646029,276879.108224596,409587.8728423792,362152.670568789
olkuski,1212,545128.7836388602,272938.33702782897,548368.8979094337,327813.2724912707
olkuski,1212,545128.7836388602,272938.33702782897,568194.7586332987,339259.73851711006
raciborski,2411,446272.5293455411,250005.70018530803,350110.2906707844,282027.40838791284
raciborski,2411,446272.5293455411,250005.70018530803,369936.15139464935,293473.8744137523
kędzierzyńsko-kozielski,1603,440070.0639782456,269152.4724473252,369936.15139464935,316366.80646543123
kędzierzyńsko-kozielski,1603,440070.0639782456,269152.4724473252,350110.2906707844,304920.34043959173
zawierciański,2416,543321.7042358366,295128.0089597918,568194.7586332987,362152.6705687889
zawierciański,2416,543321.7042358366,295128.0089597918,588020.6193571637,350706.2045429495
bocheński,1201,602897.7649580303,232198.21287678467,667324.0622526235,213348.61223287607
bocheński,1201,602897.7649580303,232198.21287678467,687149.9229764882,224795.0782587156
brzeski,1202,618263.6390337694,236510.0426119684,687149.9229764882,247688.0103103945
brzeski,1202,618263.6390337694,236510.0426119684,687149.9229764882,270580.94236207334
jędrzejowski,2602,586509.7574112391,308976.64397472946,627672.3408048935,327813.2724912707
jędrzejowski,2602,586509.7574112391,308976.64397472946,607846.4800810287,339259.73851711006
opolski,1609,422507.8230169575,317647.0182753253,389762.0121185142,373599.1365946284
opolski,1609,422507.8230169575,317647.0182753253,369936.15139464935,385045.60262046783
brzeski,1601,392769.2398016952,326066.7897179832,350110.2906707844,373599.1365946284
brzeski,1601,392769.2398016952,326066.7897179832,350110.2906707844,350706.2045429495
Tarnów,1263,641303.263201018,241550.4360945208,687149.9229764882,293473.87441375235
Tarnów,1263,641303.263201018,241550.4360945208,706975.7837003535,282027.4083879128
Nowy Sącz,1262,623122.9039119015,194730.62323242525,687149.9229764882,179009.2141553578
Nowy Sącz,1262,623122.9039119015,194730.62323242525,706975.7837003535,213348.61223287607
radomszczański,1012,543461.8760185936,354703.61026667524,568194.7586332987,407938.53467214666
radomszczański,1012,543461.8760185936,354703.61026667524,588020.6193571637,396492.0686463073
kłobucki,2406,490264.62734919065,341001.1831466307,469065.455013974,419385.0006979862
kłobucki,2406,490264.62734919065,341001.1831466307,449239.59429010906,407938.5346721467
piotrkowski,1010,550988.4271010084,387871.966429142,548368.8979094337,419385.00069798616
piotrkowski,1010,550988.4271010084,387871.966429142,568194.7586332987,430831.46672382567
tomaszowski,1016,572689.267899521,415555.9268293109,607846.4800810287,430831.46672382567
tomaszowski,1016,572689.267899521,415555.9268293109,588020.6193571637,419385.00069798616
bełchatowski,1001,517216.2140114595,388179.6035039938,488891.315737839,430831.4667238256
bełchatowski,1001,517216.2140114595,388179.6035039938,508717.1764617039,442277.932749665
gorlicki,1205,657101.5274141554,194693.02326726343,746627.5051480833,144669.81607783944
gorlicki,1205,657101.5274141554,194693.02326726343,726801.6444242181,201902.14620703665
grójecki,1406,627621.1618913937,437398.546817274,667324.0622526235,442277.932749665
grójecki,1406,627621.1618913937,437398.546817274,627672.3408048935,442277.932749665
żyrardowski,1438,598181.2119736744,460549.42142513546,588020.6193571637,465170.86480134405
żyrardowski,1438,598181.2119736744,460549.42142513546,588020.6193571637,488063.7968530229
grodziski,1405,609235.1280174991,469698.8819577108,568194.7586332987,522403.19493054127
grodziski,1405,609235.1280174991,469698.8819577108,588020.6193571637,510956.72890470177
pabianicki,1008,519355.3945323448,422822.931286321,488891.315737839,453724.3987755046
pabianicki,1008,519355.3945323448,422822.931286321,469065.455013974,465170.86480134405
oławski,215,381144.32827737904,344943.91407993267,330284.4299469194,362152.670568789
oławski,215,381144.32827737904,344943.91407993267,369936.15139464935,407938.5346721467
sochaczewski,1428,582749.0422834095,489726.6128485683,568194.7586332987,568189.0590338991
sochaczewski,1428,582749.0422834095,489726.6128485683,568194.7586332987,545296.1269822202
jasielski,1805,677924.7708762643,201113.65273623343,746627.5051480833,167562.74812951835
jasielski,1805,677924.7708762643,201113.65273623343,746627.5051480833,190455.6801811972
sieradzki,1014,472322.014803725,413270.1555500931,429413.7335662441,465170.86480134405
sieradzki,1014,472322.014803725,413270.1555500931,449239.59429010906,453724.3987755046
pucki,2211,460568.5298972222,760866.2999458705,429413.7335662441,762778.9814731696
pucki,2211,460568.5298972222,760866.2999458705,429413.7335662441,785671.9135248486
nowodworski,1414,613893.9773641418,511600.4978940594,627672.3408048935,625421.3891630962
nowodworski,1414,613893.9773641418,511600.4978940594,607846.4800810287,591081.991085578
krośnieński,1807,699742.6038286436,193893.6970283889,766453.3658719482,201902.14620703665
krośnieński,1807,699742.6038286436,193893.6970283889,766453.3658719482,179009.2141553578
oleśnicki,214,395990.71598638326,378529.762654324,369936.15139464935,453724.3987755046
oleśnicki,214,395990.71598638326,378529.762654324,389762.0121185142,442277.932749665
płoński,1420,591675.7588485877,529922.1598375232,607846.4800810287,636867.8551889356
płoński,1420,591675.7588485877,529922.1598375232,607846.4800810287,613974.9231372569
dzierżoniowski,202,337856.5283031982,321409.5184962492,270806.8477753248,327813.2724912707
dzierżoniowski,202,337856.5283031982,321409.5184962492,290632.7084991896,362152.670568789
starachowicki,2611,647792.1650864902,354512.2951768895,667324.0622526235,373599.1365946284
starachowicki,2611,647792.1650864902,354512.2951768895,687149.9229764882,385045.60262046783
ostrowiecki,2607,668754.2570267947,344416.3414615033,687149.9229764882,362152.6705687889
ostrowiecki,2607,668754.2570267947,344416.3414615033,706975.7837003535,373599.1365946284
garwoliński,1403,682419.6659371402,443237.82336148695,706975.7837003535,442277.932749665
garwoliński,1403,682419.6659371402,443237.82336148695,726801.6444242181,453724.3987755046
płocki,1419,556926.9075749177,520799.3827262717,588020.6193571637,602528.4571114173
płocki,1419,556926.9075749177,520799.3827262717,568194.7586332987,591081.991085578
Płock,1462,547571.1654037811,519311.3227729296,548368.8979094337,579635.5250597384
Płock,1462,547571.1654037811,519311.3227729296,528543.0371855691,568189.0590338991
kutnowski,1002,526678.8040703263,486333.7428922631,508717.1764617039,556742.5930080597
kutnowski,1002,526678.8040703263,486333.7428922631,528543.0371855691,545296.1269822202
kolski,3009,484054.49544417165,485762.4495081148,469065.455013974,556742.5930080597
kolski,3009,484054.49544417165,485762.4495081148,488891.315737839,568189.0590338991
turecki,3027,466306.13760235306,459617.5036998011,469065.455013974,533849.6609563807
turecki,3027,466306.13760235306,459617.5036998011,449239.59429010906,522403.1949305413
kaliski,3007,446068.1793672441,436904.29417113325,449239.59429010906,499510.2628788623
kaliski,3007,446068.1793672441,436904.29417113325,429413.7335662441,510956.72890470177
Kalisz,3061,436230.7464013451,431242.6423877837,429413.7335662441,488063.7968530229
Kalisz,3061,436230.7464013451,431242.6423877837,409587.8728423792,522403.1949305413
krotoszyński,3012,391679.3904399962,431959.6482955043,389762.0121185142,488063.7968530229
krotoszyński,3012,391679.3904399962,431959.6482955043,369936.15139464935,476617.3308271836
wrzesiński,3030,403897.7606603183,488297.02407526673,389762.0121185142,533849.6609563807
wrzesiński,3030,403897.7606603183,488297.02407526673,389762.0121185142,556742.5930080597
trzebnicki,220,360733.1865604628,391493.1410109991,310458.5692230545,465170.86480134405
trzebnicki,220,360733.1865604628,391493.1410109991,330284.4299469194,476617.3308271836
włocławski,418,502059.3285444816,517800.4661055376,488891.315737839,591081.991085578
włocławski,418,502059.3285444816,517800.4661055376,508717.1764617039,579635.5250597384
Włocławek,464,503870.96548498655,532804.676134449,508717.1764617039,602528.4571114173
Włocławek,464,503870.96548498655,532804.676134449,528543.0371855691,591081.991085578
kościański,3011,342649.78907011374,467381.4203730509,310458.5692230545,510956.72890470177
kościański,3011,342649.78907011374,467381.4203730509,270806.8477753248,510956.7289047019
ciechanowski,1402,608134.38888989,555918.1010165059,647498.2015287584,659760.7872406146
ciechanowski,1402,608134.38888989,555918.1010165059,647498.2015287584,636867.8551889356
sanocki,1817,727204.3177836258,181632.3349012196,766453.3658719482,156116.2821036789
sanocki,1817,727204.3177836258,181632.3349012196,786279.2265958131,213348.61223287607
Wałbrzych,265,309041.15567111195,327885.9060382302,250980.98705145976,362152.67056878895
Wałbrzych,265,309041.15567111195,327885.9060382302,231155.1263275948,373599.1365946285
toruński,415,476917.5896871935,575301.9446649672,508717.1764617039,625421.3891630962
toruński,415,476917.5896871935,575301.9446649672,508717.1764617039,648314.3212147752
puławski,614,712385.7213567157,398623.6640948338,746627.5051480833,442277.932749665
puławski,614,712385.7213567157,398623.6640948338,766453.3658719482,453724.3987755046
lubiński,211,311034.92145746003,398425.9827409288,270806.8477753248,465170.86480134405
lubiński,211,311034.92145746003,398425.9827409288,250980.98705145976,453724.3987755046
bydgoski,403,434206.26301677857,592269.4946308068,389762.0121185142,648314.3212147752
bydgoski,403,434206.26301677857,592269.4946308068,409587.8728423792,659760.7872406148
łańcucki,1810,732907.4979311079,252321.81163741287,786279.2265958131,304920.34043959173
łańcucki,1810,732907.4979311079,252321.81163741287,806105.087319678,293473.87441375235
stalowowolski,1818,714390.3414693563,310230.85722461843,766453.3658719482,339259.73851711006
stalowowolski,1818,714390.3414693563,310230.85722461843,766453.3658719482,362152.6705687889
kraśnicki,607,720878.4862513454,343427.93818776606,746627.5051480833,373599.1365946284
kraśnicki,607,720878.4862513454,343427.93818776606,786279.2265958131,373599.1365946284
Legnica,262,302183.22806583124,374365.7967454764,250980.98705145976,430831.46672382567
Legnica,262,302183.22806583124,374365.7967454764,231155.1263275948,419385.0006979862
Jelenia Góra,261,268458.4611884961,338942.08396377054,231155.1263275948,396492.0686463073
Jelenia Góra,261,268458.4611884961,338942.08396377054,211329.26560372987,362152.67056878895
Siedlce,1464,723647.9046575396,482707.2999902642,786279.2265958131,510956.72890470177
Siedlce,1464,723647.9046575396,482707.2999902642,786279.2265958131,533849.6609563808
łukowski,611,722532.5040949384,450272.9370034022,766453.3658719482,476617.3308271836
łukowski,611,722532.5040949384,450272.9370034022,766453.3658719482,499510.2628788623
siedlecki,1426,726754.4410315385,483845.166091277,806105.087319678,545296.1269822202
siedlecki,1426,726754.4410315385,483845.166091277,786279.2265958131,556742.5930080597
lubartowski,608,746945.9616443408,411340.2328588522,786279.2265958131,465170.86480134405
lubartowski,608,746945.9616443408,411340.2328588522,786279.2265958131,488063.7968530229
policki,3211,197432.0226104924,643107.5894769147,171677.54415599993,682653.7192922937
policki,3211,197432.0226104924,643107.5894769147,191503.4048798649,671207.2532664542
głogowski,203,297981.73320792173,427313.6966851362,250980.98705145976,476617.3308271834
głogowski,203,297981.73320792173,427313.6966851362,270806.8477753248,488063.796853023
nowosolski,804,275778.553254621,442184.1921379191,231155.1263275948,533849.6609563808
nowosolski,804,275778.553254621,442184.1921379191,231155.1263275948,510956.7289047018
bolesławiecki,201,258867.45034459548,391277.06784421817,211329.26560372987,476617.3308271836
bolesławiecki,201,258867.45034459548,391277.06784421817,211329.26560372987,453724.3987755046
goleniowski,3204,228023.33904604072,648817.3616983206,250980.98705145976,682653.7192922935
goleniowski,3204,228023.33904604072,648817.3616983206,231155.1263275948,694100.1853181331
przeworski,1814,752948.4812857717,253385.00399176584,825930.9480435428,304920.34043959173
przeworski,1814,752948.4812857717,253385.00399176584,806105.087319678,316366.8064654312
jarosławski,1804,769548.891550657,244431.5784535661,845756.8087674078,293473.87441375235
jarosławski,1804,769548.891550657,244431.5784535661,825930.9480435428,282027.4083879128
zgorzelecki,225,226890.46979451567,376875.5018849367,191503.4048798649,419385.0006979862
zgorzelecki,225,226890.46979451567,376875.5018849367,191503.4048798649,442277.93274966505
tczewski,2214,482536.68382159446,674209.8838084413,508717.1764617039,671207.2532664541
tczewski,2214,482536.68382159446,674209.8838084413,488891.315737839,682653.7192922935
szamotulski,3024,325004.7076492197,529234.5343544857,270806.8477753248,602528.4571114173
szamotulski,3024,325004.7076492197,529234.5343544857,270806.8477753248,579635.5250597385
nakielski,410,404883.0256348216,581080.3663944942,369936.15139464935,613974.9231372568
nakielski,410,404883.0256348216,581080.3663944942,369936.15139464935,636867.8551889358
starogardzki,2213,461359.58043281926,668285.7959738234,449239.59429010906,682653.7192922935
starogardzki,2213,461359.58043281926,668285.7959738234,469065.455013974,671207.2532664541
świecki,414,460314.5911509789,627554.9807128618,488891.315737839,659760.7872406148
świecki,414,460314.5911509789,627554.9807128618,449239.59429010906,659760.7872406148
Grudziądz,462,484964.3245433417,623043.381132995,528543.0371855691,659760.7872406149
Grudziądz,462,484964.3245433417,623043.381132995,548368.8979094337,648314.3212147752
kwidzyński,2207,501224.7762825511,651584.4194012661,528543.0371855691,682653.7192922937
kwidzyński,2207,501224.7762825511,651584.4194012661,568194.7586332987,682653.7192922935
brodnicki,402,528581.0680907578,599693.2268989208,588020.6193571637,648314.3212147752
brodnicki,402,528581.0680907578,599693.2268989208,568194.7586332987,636867.8551889356
słupski,2212,381140.2301168589,735339.7011721416,369936.15139464935,728439.5833956513
słupski,2212,381140.2301168589,735339.7011721416,369936.15139464935,751332.5154473301
Słupsk,2263,372474.99827827374,735233.9116919595,350110.2906707844,739886.0494214908
Słupsk,2263,372474.99827827374,735233.9116919595,350110.2906707844,716993.117369812
iławski,2807,536184.4254469089,643440.7904708382,607846.4800810287,659760.7872406146
iławski,2807,536184.4254469089,643440.7904708382,588020.6193571637,671207.253266454
Koszalin,3261,317819.56679597264,707801.9961644374,310458.5692230545,716993.117369812
Koszalin,3261,317819.56679597264,707801.9961644374,330284.4299469194,728439.5833956513
ostrołęcki,1415,667166.7847505918,591374.4052999171,706975.7837003535,648314.3212147752
ostrołęcki,1415,667166.7847505918,591374.4052999171,706975.7837003535,671207.253266454
zamojski,620,798845.8666762849,324691.43671663903,845756.8087674078,339259.73851711006
zamojski,620,798845.8666762849,324691.43671663903,825930.9480435428,373599.1365946284
żarski,811,220868.24973615387,430880.9760437335,211329.26560372987,499510.2628788625
żarski,811,220868.24973615387,430880.9760437335,191503.4048798649,510956.7289047018
czarnkowsko-trzcianecki,3002,323039.77532055706,563992.1938728465,290632.7084991896,636867.8551889358
czarnkowsko-trzcianecki,3002,323039.77532055706,563992.1938728465,290632.7084991896,613974.9231372568
ełcki,2805,723736.8958468172,667295.1438202481,746627.5051480833,694100.1853181331
ełcki,2805,723736.8958468172,667295.1438202481,766453.3658719482,682653.7192922935
ostródzki,2815,563286.2686469982,653996.5104816856,607846.4800810287,682653.7192922935
ostródzki,2815,563286.2686469982,653996.5104816856,607846.4800810287,705546.6513439723
biłgorajski,602,768405.3148001155,300492.30930483894,825930.9480435428,350706.2045429495
biłgorajski,602,768405.3148001155,300492.30930483894,825930.9480435428,327813.2724912707
gryfiński,3206,198254.0325504297,582312.6613681316,191503.4048798649,625421.3891630964
gryfiński,3206,198254.0325504297,582312.6613681316,171677.54415599993,591081.991085578
kołobrzeski,3208,277732.6646125784,694893.8441070631,290632.7084991896,705546.6513439723
kołobrzeski,3208,277732.6646125784,694893.8441070631,270806.8477753248,716993.1173698119
Gorzów Wielkopolski,861,244843.35249114147,547345.146227558,211329.26560372987,591081.991085578
Gorzów Wielkopolski,861,244843.35249114147,547345.146227558,231155.1263275948,602528.4571114173
tomaszowski,618,822973.1112676698,299536.39875775727,865582.6694912728,304920.34043959173
tomaszowski,618,822973.1112676698,299536.39875775727,865582.6694912728,327813.2724912707
bytowski,2201,390442.97340191546,698721.3992282673,350110.2906707844,694100.1853181331
bytowski,2201,390442.97340191546,698721.3992282673,369936.15139464935,705546.6513439723
chojnicki,2202,413538.8384719095,661345.6787145345,389762.0121185142,671207.2532664541
chojnicki,2202,413538.8384719095,661345.6787145345,389762.0121185142,694100.1853181331
stargardzki,3214,248404.04349149243,616310.9264435848,270806.8477753248,671207.2532664542
stargardzki,3214,248404.04349149243,616310.9264435848,270806.8477753248,648314.3212147754
bialski,601,789053.883619176,464808.0398592376,806105.087319678,522403.19493054127
bialski,601,789053.883619176,464808.0398592376,825930.9480435428,533849.6609563808
Elbląg,2861,528651.4305407101,702997.8263936082,607846.4800810287,728439.5833956513
Elbląg,2861,528651.4305407101,702997.8263936082,588020.6193571637,716993.1173698117
Świętochłowice,2476,493651.0218654087,270154.7472020776,449239.59429010906,339259.7385171101
Żory,2479,477975.7049023678,241139.1885345756,429413.7335662441,259134.4763362339
Piekary Śląskie,2471,497631.45970944857,278495.4354754101,469065.455013974,373599.1365946284
Siemianowice Śląskie,2474,501898.3549234072,271800.15184970794,488891.315737839,362152.670568789
Mysłowice,2470,510435.5514718378,258990.53951946,528543.0371855691,270580.9423620734
bieruńsko-lędziński,2414,510119.6852734232,247834.27249748792,508717.1764617039,259134.4763362339
myszkowski,2409,521773.6638529932,304817.57130151114,528543.0371855691,385045.6026204679
lubliniecki,2407,483908.3418839191,312490.1581997569,429413.7335662441,396492.0686463073
strzelecki,1611,451790.6200665372,297038.5138103858,409587.8728423792,385045.60262046783
tatrzański,1217,571455.4825912507,159415.01620993487,588020.6193571637,144669.81607783944
głubczycki,1602,418543.915958453,252696.7297948141,330284.4299469194,270580.94236207334
krapkowicki,1605,426596.4912319527,288354.9991368986,350110.2906707844,327813.2724912706
prudnicki,1610,407846.0667150067,278677.353980555,330284.4299469194,293473.8744137523
pajęczański,1009,502141.5664456079,365184.09052632656,449239.59429010906,430831.4667238256
oleski,1608,462186.5537802681,338201.0571456834,429413.7335662441,419385.0006979862
wieluński,1017,473709.6167382721,374007.74110731145,429413.7335662441,442277.932749665
kluczborski,1604,441759.8838638381,348268.56348732696,409587.8728423792,407938.5346721467
włoszczowski,2613,567868.2217065709,329455.4116545504,588020.6193571637,373599.1365946284
łaski,1003,504227.5982567301,407628.4747331994,469065.455013974,442277.932749665
miechowski,1208,576003.388389707,280954.7787781403,588020.6193571637,327813.2724912707
proszowicki,1214,595282.5502693175,260292.77428260187,667324.0622526235,282027.4083879128
wieruszowski,1018,450477.4250444305,382096.16139604914,409587.8728423792,430831.4667238256
zduńskowolski,1019,495880.4214448092,419110.5617846597,449239.59429010906,476617.3308271836
namysłowski,1606,413007.0443908283,352523.6967313776,389762.0121185142,396492.0686463073
kazimierski,2603,608375.218359056,268818.40190070675,667324.0622526235,304920.34043959173
kępiński,3008,427638.8762872925,375275.2300180033,389762.0121185142,419385.0006979862
pińczowski,2608,606244.7205632222,291229.0590969562,647498.2015287584,316366.8064654312
Piotrków Trybunalski,1062,549060.699770772,394489.2344021615,528543.0371855691,430831.46672382567
ostrzeszowski,3018,432219.612617556,398626.45464462665,409587.8728423792,453724.3987755046
ząbkowicki,224,349823.50547390693,302704.2271871247,290632.7084991896,339259.7385171101
strzeliński,217,365539.3174309589,324685.04633718345,330284.4299469194,339259.7385171101
konecki,2605,593558.6712423959,364191.40605163627,607846.4800810287,362152.6705687889
poddębicki,1011,493385.64757540834,447209.01031601295,469065.455013974,510956.72890470177
buski,2601,631851.7129506826,287202.38897954306,687149.9229764882,316366.8064654312
dąbrowski,1204,643117.6477251243,264676.4422503686,706975.7837003535,304920.34043959173
opoczyński,1007,585518.0752389937,391284.9534324651,607846.4800810287,385045.60262046783
łódzki wschodni,1006,545259.4052691084,423984.5702703739,568194.7586332987,453724.3987755046
brzeziński,1021,556076.2811346725,441356.4063416832,568194.7586332987,476617.3308271836
łęczycki,1004,512343.717501603,469787.7557248052,488891.315737839,545296.1269822201
przysuski,1423,613549.3062044573,395647.4613706037,607846.4800810287,407938.53467214666
skarżyski,2610,626174.1094221402,358443.357685681,627672.3408048935,396492.0686463073
staszowski,2612,656882.7252215042,299220.8632785793,706975.7837003535,350706.2045429495
Krosno,1861,698689.0956179425,206294.39405866168,746627.5051480833,213348.61223287607
strzyżowski,1819,697983.2032420988,226198.6769721,766453.3658719482,224795.0782587156
leski,1821,745189.0902576149,166326.61144611644,766453.3658719482,133223.350052
ropczycko-sędziszowski,1815,689225.7862175336,245704.52509336697,746627.5051480833,304920.34043959173
bieszczadzki,1801,763279.3972599284,167470.82729366,786279.2265958131,144669.81607783944
brzozowski,1802,721428.7684691472,210203.23273762723,786279.2265958131,236241.544284555
przemyski,1813,761240.1409856924,217488.8738512276,806105.087319678,247688.0103103945
Przemyśl,1862,771812.3904244403,219425.68037933327,806105.087319678,270580.94236207334
kolbuszowski,1806,699108.6119858038,273745.1544456918,746627.5051480833,327813.2724912707
szydłowiecki,1430,630593.2300374599,377099.0376388368,647498.2015287584,407938.53467214666
wałbrzyski,221,306671.36931626697,323318.38441045093,250980.98705145976,339259.73851711006
kamiennogórski,207,288545.70143958216,325148.90651401726,231155.1263275948,350706.2045429496
rawski,1013,596593.525118267,434100.23411177465,627672.3408048935,419385.00069798616
tarnobrzeski,1820,695413.3722769333,298564.8465268245,726801.6444242181,339259.73851711006
Tarnobrzeg,1864,691571.3159533528,305446.71540046355,746627.5051480833,350706.2045429495
leżajski,1808,743558.015644496,272440.74403280043,786279.2265958131,327813.2724912707
lubaczowski,1809,797077.1741953536,268330.4800315505,845756.8087674078,316366.8064654312
sandomierski,2609,685598.743837941,316339.4133416538,726801.6444242181,362152.6705687889
niżański,1812,732777.3961560588,294403.10471729824,806105.087319678,339259.73851711006
opatowski,2606,676648.5787395713,333311.2977405224,726801.6444242181,385045.60262046783
janowski,605,742076.5911368057,323339.8529346814,786279.2265958131,350706.2045429495
Zamość,664,800470.765114797,325743.0121669977,845756.8087674078,362152.6705687889
hrubieszowski,604,843942.0201564872,330490.131450252,865582.6694912728,350706.2045429495
lipski,1409,680490.4982655437,368652.8243764893,746627.5051480833,396492.0686463073
krasnostawski,606,787745.6303634471,351756.5713100992,845756.8087674078,385045.60262046783
opolski,612,708374.280605268,367799.9321401548,766453.3658719482,385045.60262046783
świdnicki,617,768508.0790254088,370176.0142121519,825930.9480435428,396492.0686463073
chełmski,603,814982.1786703956,372061.51603986416,825930.9480435428,419385.00069798616
Chełm,662,813526.7991032549,372794.4501535778,825930.9480435428,442277.932749665
łęczyński,610,776393.0380681207,389996.05424632,806105.087319678,476617.3308271836
zwoleński,1436,681026.9619924775,389936.198028251,746627.5051480833,419385.00069798616
białobrzeski,1401,635211.4873216287,418994.638799691,647498.2015287584,430831.46672382567
skierniewicki,1015,578933.740722968,451245.2365426982,588020.6193571637,442277.932749665
Skierniewice,1063,579397.2074665192,455440.683336808,568194.7586332987,499510.2628788623
łowicki,1005,559243.4721699149,472267.0936094375,548368.8979094337,533849.6609563808
średzki,218,333669.39468945947,365445.0363327656,270806.8477753248,419385.0006979862
milicki,213,383351.07022008457,407011.2004724633,350110.2906707844,465170.86480134405
jaworski,205,300466.9459675307,354127.1082518209,250980.98705145976,407938.5346721468
karkonoski,206,267389.5153073146,337558.1055700605,211329.26560372987,339259.7385171101
lwówecki,212,256696.2197103858,356687.2036060473,211329.26560372987,385045.6026204679
złotoryjski,226,281548.03554248455,364257.5159606229,211329.26560372987,430831.4667238256
lubański,210,239479.33523466508,363197.2096594118,211329.26560372987,407938.5346721467
legnicki,209,300613.8927600988,378118.0661666723,231155.1263275948,442277.93274966505
wołowski,222,334203.79268317536,392133.4528343914,270806.8477753248,442277.9327496651
rawicki,3022,358688.5573382652,421805.830433028,310458.5692230545,488063.7968530229
włodawski,619,805830.7389134901,412504.375439592,825930.9480435428,465170.86480134405
kozienicki,1407,670470.5005578323,420190.2196871723,726801.6444242181,430831.46672382567
parczewski,613,777034.9421401252,424635.886912872,825930.9480435428,488063.7968530229
rycki,616,704158.5352698109,424195.9652238299,746627.5051480833,465170.86480134405
radzyński,615,753657.7472019359,442771.3664133119,806105.087319678,499510.2628788623
pleszewski,3020,418239.6442783639,450792.98969331104,389762.0121185142,510956.72890470177
gostyniński,1404,538888.9547721285,501514.53613521525,548368.8979094337,556742.5930080597
jarociński,3006,398122.1130839533,459363.99771974,369936.15139464935,499510.2628788623
górowski,204,330797.0696299097,421145.0260258127,290632.7084991896,453724.3987755046
polkowicki,216,291474.9105696448,408793.80696441024,231155.1263275948,465170.86480134417
gostyński,3004,366508.4826293959,442156.8706037727,350110.2906707844,488063.7968530229
Leszno,3063,333182.56560314813,444617.4966780047,290632.7084991896,476617.3308271836
leszczyński,3013,332649.2355699548,447889.6072632826,290632.7084991896,499510.2628788623
śremski,3026,367148.8808215988,468692.8181717302,330284.4299469194,499510.2628788623
średzki,3025,385041.24591311417,480378.1736940681,369936.15139464935,522403.1949305413
Konin,3062,449649.47189529927,487953.5234898181,429413.7335662441,533849.6609563807
słupecki,3023,426229.6615683465,494108.5365920084,409587.8728423792,568189.0590338991
wschowski,812,304001.22332398605,444316.8163030179,250980.98705145976,499510.2628788624
żagański,810,252105.8005937342,419421.9917894516,231155.1263275948,488063.796853023
radziejowski,411,473535.6734126561,524401.3599928324,469065.455013974,579635.5250597384
aleksandrowski,401,481952.2880174921,548077.5671152461,449239.59429010906,591081.991085578
mogileński,409,437229.1256531012,530651.328927804,409587.8728423792,591081.991085578
lipnowski,408,516057.6822806235,549916.2172457022,548368.8979094337,602528.4571114173
zielonogórski,809,262654.09376502904,463421.5840722058,231155.1263275948,556742.5930080595
Biała Podlaska,661,784016.1146473573,470744.9198702048,825930.9480435428,556742.5930080597
wolsztyński,3029,303088.04374000547,471160.8714815465,250980.98705145976,522403.1949305413
łosicki,1410,762207.4676089715,491244.8887602458,806105.087319678,568189.0590338991
grodziski,3005,319500.69622111524,482387.3493431945,250980.98705145976,545296.1269822202
krośnieński,802,225328.62254540224,469413.0961562244,191503.4048798649,556742.5930080595
sierpecki,1427,546800.0460144811,551739.5394081308,568194.7586332987,613974.9231372569
nowotomyski,3015,305259.19341795245,502505.4549153485,250980.98705145976,568189.059033899
golubsko-dobrzyński,405,502044.745041938,581945.9744342953,528543.0371855691,613974.9231372569
rypiński,412,527899.7850914227,575897.6659858379,548368.8979094337,625421.3891630962
wąbrzeski,417,495631.9837036368,601543.7870769743,528543.0371855691,636867.8551889359
chełmiński,404,467817.97014060896,604102.2253570047,469065.455013974,648314.3212147752
żuromiński,1437,560753.1081603599,574122.7306385677,588020.6193571637,625421.3891630962
żniński,419,416037.8953076525,551517.0104843944,389762.0121185142,602528.4571114173
świebodziński,808,260288.00135288763,492550.764349504,211329.26560372987,568189.059033899
słubicki,805,211938.7043365528,507250.3587092954,171677.54415599993,568189.059033899
sulęciński,807,233253.59933821613,516048.624107125,191503.4048798649,579635.5250597385
międzyrzecki,803,269822.0930089762,521357.52169861103,231155.1263275948,579635.5250597385
gorzowski,801,237952.13527931497,547859.2832220169,211329.26560372987,613974.9231372569
myśliborski,3210,222954.473623996,564061.5982794203,191503.4048798649,602528.4571114173
pułtuski,1424,638021.0036468398,536515.3067191192,687149.9229764882,636867.8551889356
węgrowski,1433,696253.1348186934,514323.33405850426,766453.3658719482,591081.991085578
sokołowski,1429,722855.6628238674,518992.5467553957,786279.2265958131,579635.5250597384
wyszkowski,1435,666867.8308060408,534041.2141271232,706975.7837003535,625421.3891630962
mławski,1413,591337.5752037424,577088.7715655268,627672.3408048935,648314.3212147752
międzychodzki,3014,298759.23263676005,530570.0392038537,250980.98705145976,591081.9910855779
wągrowiecki,3028,383478.5757675792,551033.6195927067,350110.2906707844,625421.3891630962
obornicki,3016,354281.3729590306,540430.6005021011,330284.4299469194,613974.9231372568
strzelecko-drezdenecki,806,278686.1605509791,563140.8501854145,250980.98705145976,613974.9231372569
siemiatycki,2010,764617.4669102693,520187.5965533428,825930.9480435428,579635.5250597384
grudziądzki,406,497088.01642913657,623632.9775919454,548368.8979094337,671207.253266454
działdowski,2803,568185.098502078,601042.2938191097,627672.3408048935,671207.253266454
nowomiejski,2812,534975.8613038645,619372.2874254104,568194.7586332987,659760.7872406146
chodzieski,3001,365156.3632834606,568496.6516482227,310458.5692230545,625421.3891630962
makowski,1411,648082.0092767162,564374.2380282746,687149.9229764882,659760.7872406146
ostrowski,1416,702934.0876730605,550545.591519291,746627.5051480833,602528.4571114173
tucholski,416,430739.1162145622,636008.1127652918,429413.7335662441,671207.2532664541
sępoleński,413,402193.3676363216,618524.0463766359,369936.15139464935,659760.7872406148
choszczeński,3202,271445.2149228408,591341.1838521173,270806.8477753248,625421.3891630963
wałecki,3217,318023.81708749954,600253.0480010064,310458.5692230545,648314.3212147752
złotowski,3031,361970.679760222,618120.9069952546,350110.2906707844,671207.2532664541
kościerski,2206,434792.6321145364,687469.7909798898,409587.8728423792,682653.7192922935
człuchowski,2203,379250.20095709385,653094.1499255135,369936.15139464935,682653.7192922935
lęborski,2208,415261.63443091663,747107.2460452432,389762.0121185142,716993.117369812
Sopot,2264,471650.25909116457,731159.801375046,449239.59429010906,705546.6513439723
szczecinecki,3215,340497.1899593297,654954.1519546079,330284.4299469194,682653.7192922935
sławieński,3213,343688.13133407047,726042.2658435754,330284.4299469194,751332.5154473301
pyrzycki,3212,228179.7404732634,593104.2535884978,231155.1263275948,625421.3891630964
koszaliński,3209,328543.0668284088,697626.0824448084,330284.4299469194,705546.6513439723
drawski,3203,300457.8441036284,627327.9666341275,310458.5692230545,671207.2532664541
białogardzki,3201,307262.0101221853,683050.0029531065,310458.5692230545,694100.1853181331
Świnoujście,3263,192698.01495456105,675214.6845654313,191503.4048798649,694100.1853181331
kamieński,3207,221154.0453332492,678802.0981095944,250980.98705145976,705546.6513439724
gryficki,3205,252556.9045936023,683310.5232617914,270806.8477753248,694100.1853181331
łobeski,3218,267722.9922840579,648640.2433501247,290632.7084991896,659760.7872406148
świdwiński,3216,294579.04946063826,663758.7235592672,290632.7084991896,682653.7192922935
malborski,2209,500911.5378024758,690039.3419282902,548368.8979094337,694100.1853181331
sztumski,2216,515117.5764996057,672120.7480582298,568194.7586332987,705546.6513439723
nowodworski,2210,511292.7690134566,716148.4441030477,568194.7586332987,728439.5833956513
elbląski,2804,537754.7990446971,695958.7739668952,588020.6193571637,694100.1853181331
braniewski,2802,563312.7787505903,715499.4306023194,627672.3408048935,716993.1173698117
nidzicki,2811,598043.659696184,612053.4170161156,667324.0622526235,671207.253266454
przasnyski,1422,627965.0540301553,587629.9138079719,667324.0622526235,648314.3212147752
lidzbarski,2809,591988.7205715699,695299.9201420568,647498.2015287584,728439.5833956513
Ostrołęka,1461,673741.5124474758,582782.928595783,726801.6444242181,636867.8551889356
szczycieński,2817,633641.8177359708,632775.0253122208,687149.9229764882,682653.7192922935
bielski,2003,773676.6772199728,550207.2268428156,806105.087319678,591081.991085578
wysokomazowiecki,2013,739833.6206863178,562669.994109263,766453.3658719482,613974.9231372569
zambrowski,2014,718666.7612089643,576267.76081325,746627.5051480833,625421.3891630962
Łomża,2062,704337.3859764854,594264.1006793963,746627.5051480833,648314.3212147752
łomżyński,2007,705241.4448754645,597065.3065721839,726801.6444242181,659760.7872406146
kolneński,2006,697532.5563938919,619140.5835617189,726801.6444242181,682653.7192922935
hajnowski,2005,809164.8036717046,552314.5894112766,825930.9480435428,602528.4571114173
bartoszycki,2801,614524.3405386196,710705.696583782,687149.9229764882,728439.5833956513
mrągowski,2810,655685.3374808665,663557.0728150286,706975.7837003535,716993.1173698117
kętrzyński,2808,651140.7903749489,700448.9225266044,726801.6444242181,728439.5833956513
piski,2816,687677.5088841195,647827.3412714736,706975.7837003535,694100.1853181331
giżycki,2806,686343.461316589,685339.6086451415,726801.6444242181,705546.6513439723
węgorzewski,2819,680573.6438346284,709039.5356259119,746627.5051480833,739886.0494214908
grajewski,2004,730448.8788723135,638154.4970559172,746627.5051480833,671207.253266454
moniecki,2008,751906.6464153617,622827.2913858276,766453.3658719482,659760.7872406146
gołdapski,2818,716421.5546668709,717505.5157068359,766453.3658719482,728439.5833956513
olecki,2813,723426.3446769781,693030.4020714883,746627.5051480833,716993.1173698117
suwalski,2012,751283.5202679738,707840.8714029449,766453.3658719482,705546.6513439723
sokólski,2011,793843.6878230335,631024.3501028237,806105.087319678,682653.7192922935
Suwałki,2063,756963.9361505276,699986.9385263416,786279.2265958131,716993.1173698117
augustowski,2001,770376.8409914863,668884.40270441,786279.2265958131,694100.1853181331
sejneński,2009,781408.2486832237,699955.7148848469,806105.087319678,705546.6513439723
